{
  "success": true,
  "data": [
    {
      "id": "1",
      "firstname": "Wilhelm Conrad",
      "surname": "R\u00f6ntgen",
      "born": "1845-03-27",
      "died": "1923-02-10",
      "bornCountry": "Prussia (now Germany)",
      "bornCountryCode": "DE",
      "bornCity": "Lennep (now Remscheid)",
      "diedCountry": "Germany",
      "diedCountryCode": "DE",
      "diedCity": "Munich",
      "gender": "male",
      "prizes": [
        {
          "year": "1901",
          "category": "physics",
          "share": "1",
          "motivation": "\"in recognition of the extraordinary services he has rendered by the discovery of the remarkable rays subsequently named after him\"",
          "affiliations": [
            {
              "name": "Munich University",
              "city": "Munich",
              "country": "Germany"
            }
          ]
        }
      ]
    },
    {
      "id": "2",
      "firstname": "Hendrik A.",
      "surname": "Lorentz",
      "born": "1853-07-18",
      "died": "1928-02-04",
      "bornCountry": "the Netherlands",
      "bornCountryCode": "NL",
      "bornCity": "Arnhem",
      "diedCountry": "the Netherlands",
      "diedCountryCode": "NL",
      "gender": "male",
      "prizes": [
        {
          "year": "1902",
          "category": "physics",
          "share": "2",
          "motivation": "\"in recognition of the extraordinary service they rendered by their researches into the influence of magnetism upon radiation phenomena\"",
          "affiliations": [
            {
              "name": "Leiden University",
              "city": "Leiden",
              "country": "the Netherlands"
            }
          ]
        }
      ]
    },
    {
      "id": "3",
      "firstname": "Pieter",
      "surname": "Zeeman",
      "born": "1865-05-25",
      "died": "1943-10-09",
      "bornCountry": "the Netherlands",
      "bornCountryCode": "NL",
      "bornCity": "Zonnemaire",
      "diedCountry": "the Netherlands",
      "diedCountryCode": "NL",
      "diedCity": "Amsterdam",
      "gender": "male",
      "prizes": [
        {
          "year": "1902",
          "category": "physics",
          "share": "2",
          "motivation": "\"in recognition of the extraordinary service they rendered by their researches into the influence of magnetism upon radiation phenomena\"",
          "affiliations": [
            {
              "name": "Amsterdam University",
              "city": "Amsterdam",
              "country": "the Netherlands"
            }
          ]
        }
      ]
    },
    {
      "id": "4",
      "firstname": "Henri",
      "surname": "Becquerel",
      "born": "1852-12-15",
      "died": "1908-08-25",
      "bornCountry": "France",
      "bornCountryCode": "FR",
      "bornCity": "Paris",
      "diedCountry": "France",
      "diedCountryCode": "FR",
      "gender": "male",
      "prizes": [
        {
          "year": "1903",
          "category": "physics",
          "share": "2",
          "motivation": "\"in recognition of the extraordinary services he has rendered by his discovery of spontaneous radioactivity\"",
          "affiliations": [
            {
              "name": "\u00c9cole Polytechnique",
              "city": "Paris",
              "country": "France"
            }
          ]
        }
      ]
    },
    {
      "id": "5",
      "firstname": "Pierre",
      "surname": "Curie",
      "born": "1859-05-15",
      "died": "1906-04-19",
      "bornCountry": "France",
      "bornCountryCode": "FR",
      "bornCity": "Paris",
      "diedCountry": "France",
      "diedCountryCode": "FR",
      "diedCity": "Paris",
      "gender": "male",
      "prizes": [
        {
          "year": "1903",
          "category": "physics",
          "share": "4",
          "motivation": "\"in recognition of the extraordinary services they have rendered by their joint researches on the radiation phenomena discovered by Professor Henri Becquerel\"",
          "affiliations": [
            {
              "name": "\u00c9cole municipale de physique et de chimie industrielles (Municipal School of Industrial Physics and Chemistry)",
              "city": "Paris",
              "country": "France"
            }
          ]
        }
      ]
    },
    {
      "id": "6",
      "firstname": "Marie",
      "surname": "Curie",
      "born": "1867-11-07",
      "died": "1934-07-04",
      "bornCountry": "Russian Empire (now Poland)",
      "bornCountryCode": "PL",
      "bornCity": "Warsaw",
      "diedCountry": "France",
      "diedCountryCode": "FR",
      "diedCity": "Sallanches",
      "gender": "female",
      "prizes": [
        {
          "year": "1903",
          "category": "physics",
          "share": "4",
          "motivation": "\"in recognition of the extraordinary services they have rendered by their joint researches on the radiation phenomena discovered by Professor Henri Becquerel\"",
          "affiliations": [
            []
          ]
        },
        {
          "year": "1911",
          "category": "chemistry",
          "share": "1",
          "motivation": "\"in recognition of her services to the advancement of chemistry by the discovery of the elements radium and polonium, by the isolation of radium and the study of the nature and compounds of this remarkable element\"",
          "affiliations": [
            {
              "name": "Sorbonne University",
              "city": "Paris",
              "country": "France"
            }
          ]
        }
      ]
    },
    {
      "id": "8",
      "firstname": "Lord",
      "surname": "Rayleigh",
      "born": "1842-11-12",
      "died": "1919-06-30",
      "bornCountry": "United Kingdom",
      "bornCountryCode": "GB",
      "bornCity": "Langford Grove, Maldon, Essex",
      "diedCountry": "United Kingdom",
      "diedCountryCode": "GB",
      "gender": "male",
      "prizes": [
        {
          "year": "1904",
          "category": "physics",
          "share": "1",
          "motivation": "\"for his investigations of the densities of the most important gases and for his discovery of argon in connection with these studies\"",
          "affiliations": [
            {
              "name": "Royal Institution of Great Britain",
              "city": "London",
              "country": "United Kingdom"
            }
          ]
        }
      ]
    },
    {
      "id": "9",
      "firstname": "Philipp",
      "surname": "Lenard",
      "born": "1862-06-07",
      "died": "1947-05-20",
      "bornCountry": "Hungary (now Slovakia)",
      "bornCountryCode": "SK",
      "bornCity": "Pressburg (now Bratislava)",
      "diedCountry": "Germany",
      "diedCountryCode": "DE",
      "diedCity": "Messelhausen",
      "gender": "male",
      "prizes": [
        {
          "year": "1905",
          "category": "physics",
          "share": "1",
          "motivation": "\"for his work on cathode rays\"",
          "affiliations": [
            {
              "name": "Kiel University",
              "city": "Kiel",
              "country": "Germany"
            }
          ]
        }
      ]
    },
    {
      "id": "10",
      "firstname": "J.J.",
      "surname": "Thomson",
      "born": "1856-12-18",
      "died": "1940-08-30",
      "bornCountry": "United Kingdom",
      "bornCountryCode": "GB",
      "bornCity": "Cheetham Hill",
      "diedCountry": "United Kingdom",
      "diedCountryCode": "GB",
      "diedCity": "Cambridge",
      "gender": "male",
      "prizes": [
        {
          "year": "1906",
          "category": "physics",
          "share": "1",
          "motivation": "\"in recognition of the great merits of his theoretical and experimental investigations on the conduction of electricity by gases\"",
          "affiliations": [
            {
              "name": "University of Cambridge",
              "city": "Cambridge",
              "country": "United Kingdom"
            }
          ]
        }
      ]
    },
    {
      "id": "11",
      "firstname": "Albert A.",
      "surname": "Michelson",
      "born": "1852-12-19",
      "died": "1931-05-09",
      "bornCountry": "Prussia (now Poland)",
      "bornCountryCode": "PL",
      "bornCity": "Strelno (now Strzelno)",
      "diedCountry": "USA",
      "diedCountryCode": "US",
      "diedCity": "Pasadena, CA",
      "gender": "male",
      "prizes": [
        {
          "year": "1907",
          "category": "physics",
          "share": "1",
          "motivation": "\"for his optical precision instruments and the spectroscopic and metrological investigations carried out with their aid\"",
          "affiliations": [
            {
              "name": "University of Chicago",
              "city": "Chicago, IL",
              "country": "USA"
            }
          ]
        }
      ]
    },
    {
      "id": "12",
      "firstname": "Gabriel",
      "surname": "Lippmann",
      "born": "1845-08-16",
      "died": "1921-07-13",
      "bornCountry": "Luxembourg",
      "bornCountryCode": "LU",
      "bornCity": "Hollerich",
      "gender": "male",
      "prizes": [
        {
          "year": "1908",
          "category": "physics",
          "share": "1",
          "motivation": "\"for his method of reproducing colours photographically based on the phenomenon of interference\"",
          "affiliations": [
            {
              "name": "Sorbonne University",
              "city": "Paris",
              "country": "France"
            }
          ]
        }
      ]
    },
    {
      "id": "13",
      "firstname": "Guglielmo",
      "surname": "Marconi",
      "born": "1874-04-25",
      "died": "1937-07-20",
      "bornCountry": "Italy",
      "bornCountryCode": "IT",
      "bornCity": "Bologna",
      "diedCountry": "Italy",
      "diedCountryCode": "IT",
      "diedCity": "Rome",
      "gender": "male",
      "prizes": [
        {
          "year": "1909",
          "category": "physics",
          "share": "2",
          "motivation": "\"in recognition of their contributions to the development of wireless telegraphy\"",
          "affiliations": [
            {
              "name": "Marconi Wireless Telegraph Co. Ltd.",
              "city": "London",
              "country": "United Kingdom"
            }
          ]
        }
      ]
    },
    {
      "id": "14",
      "firstname": "Ferdinand",
      "surname": "Braun",
      "born": "1850-06-06",
      "died": "1918-04-20",
      "bornCountry": "Hesse-Kassel (now Germany)",
      "bornCountryCode": "DE",
      "bornCity": "Fulda",
      "diedCountry": "USA",
      "diedCountryCode": "US",
      "diedCity": "Brooklyn, NY",
      "gender": "male",
      "prizes": [
        {
          "year": "1909",
          "category": "physics",
          "share": "2",
          "motivation": "\"in recognition of their contributions to the development of wireless telegraphy\"",
          "affiliations": [
            {
              "name": "Strasbourg University",
              "city": "Strasbourg",
              "country": "Germany (now France)"
            }
          ]
        }
      ]
    },
    {
      "id": "15",
      "firstname": "Johannes Diderik",
      "surname": "van der Waals",
      "born": "1837-11-23",
      "died": "1923-03-08",
      "bornCountry": "the Netherlands",
      "bornCountryCode": "NL",
      "bornCity": "Leiden",
      "diedCountry": "the Netherlands",
      "diedCountryCode": "NL",
      "diedCity": "Amsterdam",
      "gender": "male",
      "prizes": [
        {
          "year": "1910",
          "category": "physics",
          "share": "1",
          "motivation": "\"for his work on the equation of state for gases and liquids\"",
          "affiliations": [
            {
              "name": "Amsterdam University",
              "city": "Amsterdam",
              "country": "the Netherlands"
            }
          ]
        }
      ]
    },
    {
      "id": "16",
      "firstname": "Wilhelm",
      "surname": "Wien",
      "born": "1864-01-13",
      "died": "1928-08-30",
      "bornCountry": "Prussia (now Russia)",
      "bornCountryCode": "RU",
      "bornCity": "Gaffken (now Parusnoye)",
      "diedCountry": "Germany",
      "diedCountryCode": "DE",
      "diedCity": "Munich",
      "gender": "male",
      "prizes": [
        {
          "year": "1911",
          "category": "physics",
          "share": "1",
          "motivation": "\"for his discoveries regarding the laws governing the radiation of heat\"",
          "affiliations": [
            {
              "name": "W\u00fcrzburg University",
              "city": "W\u00fcrzburg",
              "country": "Germany"
            }
          ]
        }
      ]
    },
    {
      "id": "17",
      "firstname": "Gustaf",
      "surname": "Dal\u00e9n",
      "born": "1869-11-30",
      "died": "1937-12-09",
      "bornCountry": "Sweden",
      "bornCountryCode": "SE",
      "bornCity": "Stenstorp",
      "diedCountry": "Sweden",
      "diedCountryCode": "SE",
      "diedCity": "Stockholm",
      "gender": "male",
      "prizes": [
        {
          "year": "1912",
          "category": "physics",
          "share": "1",
          "motivation": "\"for his invention of automatic regulators for use in conjunction with gas accumulators for illuminating lighthouses and buoys\"",
          "affiliations": [
            {
              "name": "Swedish Gas-Accumulator Co.",
              "city": "Liding\u00f6, Stockholm",
              "country": "Sweden"
            }
          ]
        }
      ]
    },
    {
      "id": "18",
      "firstname": "Heike",
      "surname": "Kamerlingh Onnes",
      "born": "1853-09-21",
      "died": "1926-02-21",
      "bornCountry": "the Netherlands",
      "bornCountryCode": "NL",
      "bornCity": "Groningen",
      "diedCountry": "the Netherlands",
      "diedCountryCode": "NL",
      "diedCity": "Leiden",
      "gender": "male",
      "prizes": [
        {
          "year": "1913",
          "category": "physics",
          "share": "1",
          "motivation": "\"for his investigations on the properties of matter at low temperatures which led, inter alia, to the production of liquid helium\"",
          "affiliations": [
            {
              "name": "Leiden University",
              "city": "Leiden",
              "country": "the Netherlands"
            }
          ]
        }
      ]
    },
    {
      "id": "19",
      "firstname": "Max",
      "surname": "von Laue",
      "born": "1879-10-09",
      "died": "1960-04-23",
      "bornCountry": "Germany",
      "bornCountryCode": "DE",
      "bornCity": "Pfaffendorf",
      "diedCountry": "West Germany (now Germany)",
      "diedCountryCode": "DE",
      "diedCity": "Berlin",
      "gender": "male",
      "prizes": [
        {
          "year": "1914",
          "category": "physics",
          "share": "1",
          "motivation": "\"for his discovery of the diffraction of X-rays by crystals\"",
          "affiliations": [
            {
              "name": "Frankfurt-on-the-Main University",
              "city": "Frankfurt-on-the-Main",
              "country": "Germany"
            }
          ]
        }
      ]
    },
    {
      "id": "20",
      "firstname": "William",
      "surname": "Bragg",
      "born": "1862-07-02",
      "died": "1942-03-12",
      "bornCountry": "United Kingdom",
      "bornCountryCode": "GB",
      "bornCity": "Wigton",
      "diedCountry": "United Kingdom",
      "diedCountryCode": "GB",
      "diedCity": "London",
      "gender": "male",
      "prizes": [
        {
          "year": "1915",
          "category": "physics",
          "share": "2",
          "motivation": "\"for their services in the analysis of crystal structure by means of X-rays\"",
          "affiliations": [
            {
              "name": "University College",
              "city": "London",
              "country": "United Kingdom"
            }
          ]
        }
      ]
    },
    {
      "id": "21",
      "firstname": "Lawrence",
      "surname": "Bragg",
      "born": "1890-03-31",
      "died": "1971-07-01",
      "bornCountry": "Australia",
      "bornCountryCode": "AU",
      "bornCity": "Adelaide",
      "diedCountry": "United Kingdom",
      "diedCountryCode": "GB",
      "diedCity": "Ipswich",
      "gender": "male",
      "prizes": [
        {
          "year": "1915",
          "category": "physics",
          "share": "2",
          "motivation": "\"for their services in the analysis of crystal structure by means of X-rays\"",
          "affiliations": [
            {
              "name": "Victoria University",
              "city": "Manchester",
              "country": "United Kingdom"
            }
          ]
        }
      ]
    },
    {
      "id": "22",
      "firstname": "Charles Glover",
      "surname": "Barkla",
      "born": "1877-06-07",
      "died": "1944-10-23",
      "bornCountry": "United Kingdom",
      "bornCountryCode": "GB",
      "bornCity": "Widnes",
      "diedCountry": "Scotland",
      "diedCountryCode": "GB",
      "diedCity": "Edinburgh",
      "gender": "male",
      "prizes": [
        {
          "year": "1917",
          "category": "physics",
          "share": "1",
          "motivation": "\"for his discovery of the characteristic R&ouml;ntgen radiation of the elements\"",
          "affiliations": [
            {
              "name": "Edinburgh University",
              "city": "Edinburgh",
              "country": "United Kingdom"
            }
          ]
        }
      ]
    },
    {
      "id": "23",
      "firstname": "Max",
      "surname": "Planck",
      "born": "1858-04-23",
      "died": "1947-10-04",
      "bornCountry": "Schleswig (now Germany)",
      "bornCountryCode": "DE",
      "bornCity": "Kiel",
      "diedCountry": "West Germany (now Germany)",
      "diedCountryCode": "DE",
      "diedCity": "G\u00f6ttingen",
      "gender": "male",
      "prizes": [
        {
          "year": "1918",
          "category": "physics",
          "share": "1",
          "motivation": "\"in recognition of the services he rendered to the advancement of Physics by his discovery of energy quanta\"",
          "affiliations": [
            {
              "name": "Berlin University",
              "city": "Berlin",
              "country": "Germany"
            }
          ]
        }
      ]
    },
    {
      "id": "24",
      "firstname": "Johannes",
      "surname": "Stark",
      "born": "1874-04-15",
      "died": "1957-06-21",
      "bornCountry": "Germany",
      "bornCountryCode": "DE",
      "bornCity": "Schickenhof",
      "diedCountry": "West Germany (now Germany)",
      "diedCountryCode": "DE",
      "diedCity": "Traunstein",
      "gender": "male",
      "prizes": [
        {
          "year": "1919",
          "category": "physics",
          "share": "1",
          "motivation": "\"for his discovery of the Doppler effect in canal rays and the splitting of spectral lines in electric fields\"",
          "affiliations": [
            {
              "name": "Greifswald University",
              "city": "Greifswald",
              "country": "Germany"
            }
          ]
        }
      ]
    },
    {
      "id": "25",
      "firstname": "Charles Edouard",
      "surname": "Guillaume",
      "born": "1861-02-15",
      "died": "1938-06-13",
      "bornCountry": "Switzerland",
      "bornCountryCode": "CH",
      "bornCity": "Fleurier",
      "diedCountry": "France",
      "diedCountryCode": "FR",
      "diedCity": "S\u00e8vres",
      "gender": "male",
      "prizes": [
        {
          "year": "1920",
          "category": "physics",
          "share": "1",
          "motivation": "\"in recognition of the service he has rendered to precision measurements in Physics by his discovery of anomalies in nickel steel alloys\"",
          "affiliations": [
            {
              "name": "Bureau International des Poids et Mesures (International Bureau of Weights and Measures)",
              "city": "S\u00e8vres",
              "country": "France"
            }
          ]
        }
      ]
    },
    {
      "id": "26",
      "firstname": "Albert",
      "surname": "Einstein",
      "born": "1879-03-14",
      "died": "1955-04-18",
      "bornCountry": "Germany",
      "bornCountryCode": "DE",
      "bornCity": "Ulm",
      "diedCountry": "USA",
      "diedCountryCode": "US",
      "diedCity": "Princeton, NJ",
      "gender": "male",
      "prizes": [
        {
          "year": "1921",
          "category": "physics",
          "share": "1",
          "motivation": "\"for his services to Theoretical Physics, and especially for his discovery of the law of the photoelectric effect\"",
          "affiliations": [
            {
              "name": "Kaiser-Wilhelm-Institut (now Max-Planck-Institut) f\u00fcr Physik",
              "city": "Berlin",
              "country": "Germany"
            }
          ]
        }
      ]
    },
    {
      "id": "27",
      "firstname": "Niels",
      "surname": "Bohr",
      "born": "1885-10-07",
      "died": "1962-11-18",
      "bornCountry": "Denmark",
      "bornCountryCode": "DK",
      "bornCity": "Copenhagen",
      "diedCountry": "Denmark",
      "diedCountryCode": "DK",
      "diedCity": "Copenhagen",
      "gender": "male",
      "prizes": [
        {
          "year": "1922",
          "category": "physics",
          "share": "1",
          "motivation": "\"for his services in the investigation of the structure of atoms and of the radiation emanating from them\"",
          "affiliations": [
            {
              "name": "Copenhagen University",
              "city": "Copenhagen",
              "country": "Denmark"
            }
          ]
        }
      ]
    },
    {
      "id": "28",
      "firstname": "Robert A.",
      "surname": "Millikan",
      "born": "1868-03-22",
      "died": "1953-12-19",
      "bornCountry": "USA",
      "bornCountryCode": "US",
      "bornCity": "Morrison, IL",
      "diedCountry": "USA",
      "diedCountryCode": "US",
      "diedCity": "San Marino, CA",
      "gender": "male",
      "prizes": [
        {
          "year": "1923",
          "category": "physics",
          "share": "1",
          "motivation": "\"for his work on the elementary charge of electricity and on the photoelectric effect\"",
          "affiliations": [
            {
              "name": "California Institute of Technology (Caltech)",
              "city": "Pasadena, CA",
              "country": "USA"
            }
          ]
        }
      ]
    },
    {
      "id": "29",
      "firstname": "Manne",
      "surname": "Siegbahn",
      "born": "1886-12-03",
      "died": "1978-09-26",
      "bornCountry": "Sweden",
      "bornCountryCode": "SE",
      "bornCity": "\u00d6rebro",
      "diedCountry": "Sweden",
      "diedCountryCode": "SE",
      "diedCity": "Stockholm",
      "gender": "male",
      "prizes": [
        {
          "year": "1924",
          "category": "physics",
          "share": "1",
          "motivation": "\"for his discoveries and research in the field of X-ray spectroscopy\"",
          "affiliations": [
            {
              "name": "Uppsala University",
              "city": "Uppsala",
              "country": "Sweden"
            }
          ]
        }
      ]
    },
    {
      "id": "30",
      "firstname": "James",
      "surname": "Franck",
      "born": "1882-08-26",
      "died": "1964-05-21",
      "bornCountry": "Germany",
      "bornCountryCode": "DE",
      "bornCity": "Hamburg",
      "diedCountry": "West Germany (now Germany)",
      "diedCountryCode": "DE",
      "diedCity": "G\u00f6ttingen",
      "gender": "male",
      "prizes": [
        {
          "year": "1925",
          "category": "physics",
          "share": "2",
          "motivation": "\"for their discovery of the laws governing the impact of an electron upon an atom\"",
          "affiliations": [
            {
              "name": "Goettingen University",
              "city": "G\u00f6ttingen",
              "country": "Germany"
            }
          ]
        }
      ]
    },
    {
      "id": "31",
      "firstname": "Gustav",
      "surname": "Hertz",
      "born": "1887-07-22",
      "died": "1975-10-30",
      "bornCountry": "Germany",
      "bornCountryCode": "DE",
      "bornCity": "Hamburg",
      "diedCountry": "East Germany (now Germany)",
      "diedCountryCode": "DE",
      "diedCity": "Berlin",
      "gender": "male",
      "prizes": [
        {
          "year": "1925",
          "category": "physics",
          "share": "2",
          "motivation": "\"for their discovery of the laws governing the impact of an electron upon an atom\"",
          "affiliations": [
            {
              "name": "Halle University",
              "city": "Halle",
              "country": "Germany"
            }
          ]
        }
      ]
    },
    {
      "id": "32",
      "firstname": "Jean Baptiste",
      "surname": "Perrin",
      "born": "1870-09-30",
      "died": "1942-04-17",
      "bornCountry": "France",
      "bornCountryCode": "FR",
      "bornCity": "Lille",
      "diedCountry": "USA",
      "diedCountryCode": "US",
      "diedCity": "New York, NY",
      "gender": "male",
      "prizes": [
        {
          "year": "1926",
          "category": "physics",
          "share": "1",
          "motivation": "\"for his work on the discontinuous structure of matter, and especially for his discovery of sedimentation equilibrium\"",
          "affiliations": [
            {
              "name": "Sorbonne University",
              "city": "Paris",
              "country": "France"
            }
          ]
        }
      ]
    },
    {
      "id": "33",
      "firstname": "Arthur H.",
      "surname": "Compton",
      "born": "1892-09-10",
      "died": "1962-03-15",
      "bornCountry": "USA",
      "bornCountryCode": "US",
      "bornCity": "Wooster, OH",
      "diedCountry": "USA",
      "diedCountryCode": "US",
      "diedCity": "Berkeley, CA",
      "gender": "male",
      "prizes": [
        {
          "year": "1927",
          "category": "physics",
          "share": "2",
          "motivation": "\"for his discovery of the effect named after him\"",
          "affiliations": [
            {
              "name": "University of Chicago",
              "city": "Chicago, IL",
              "country": "USA"
            }
          ]
        }
      ]
    },
    {
      "id": "34",
      "firstname": "C.T.R.",
      "surname": "Wilson",
      "born": "1869-02-14",
      "died": "1959-11-15",
      "bornCountry": "Scotland",
      "bornCountryCode": "GB",
      "bornCity": "Glencorse",
      "diedCountry": "Scotland",
      "diedCountryCode": "GB",
      "diedCity": "Carlops",
      "gender": "male",
      "prizes": [
        {
          "year": "1927",
          "category": "physics",
          "share": "2",
          "motivation": "\"for his method of making the paths of electrically charged particles visible by condensation of vapour\"",
          "affiliations": [
            {
              "name": "University of Cambridge",
              "city": "Cambridge",
              "country": "United Kingdom"
            }
          ]
        }
      ]
    },
    {
      "id": "35",
      "firstname": "Owen Willans",
      "surname": "Richardson",
      "born": "1879-04-26",
      "died": "1959-02-15",
      "bornCountry": "United Kingdom",
      "bornCountryCode": "GB",
      "bornCity": "Dewsbury",
      "diedCountry": "United Kingdom",
      "diedCountryCode": "GB",
      "diedCity": "Alton",
      "gender": "male",
      "prizes": [
        {
          "year": "1928",
          "category": "physics",
          "share": "1",
          "motivation": "\"for his work on the thermionic phenomenon and especially for the discovery of the law named after him\"",
          "affiliations": [
            {
              "name": "London University",
              "city": "London",
              "country": "United Kingdom"
            }
          ]
        }
      ]
    },
    {
      "id": "36",
      "firstname": "Louis",
      "surname": "de Broglie",
      "born": "1892-08-15",
      "died": "1987-03-19",
      "bornCountry": "France",
      "bornCountryCode": "FR",
      "bornCity": "Dieppe",
      "diedCountry": "France",
      "diedCountryCode": "FR",
      "diedCity": "Paris",
      "gender": "male",
      "prizes": [
        {
          "year": "1929",
          "category": "physics",
          "share": "1",
          "motivation": "\"for his discovery of the wave nature of electrons\"",
          "affiliations": [
            {
              "name": "Sorbonne University, Institut Henri Poincar\u00e9",
              "city": "Paris",
              "country": "France"
            }
          ]
        }
      ]
    },
    {
      "id": "37",
      "firstname": "Sir Chandrasekhara Venkata",
      "surname": "Raman",
      "born": "1888-11-07",
      "died": "1970-11-21",
      "bornCountry": "India",
      "bornCountryCode": "IN",
      "bornCity": "Tiruchirappalli",
      "diedCountry": "India",
      "diedCountryCode": "IN",
      "diedCity": "Bangalore",
      "gender": "male",
      "prizes": [
        {
          "year": "1930",
          "category": "physics",
          "share": "1",
          "motivation": "\"for his work on the scattering of light and for the discovery of the effect named after him\"",
          "affiliations": [
            {
              "name": "Calcutta University",
              "city": "Calcutta",
              "country": "India"
            }
          ]
        }
      ]
    },
    {
      "id": "38",
      "firstname": "Werner",
      "surname": "Heisenberg",
      "born": "1901-12-05",
      "died": "1976-02-01",
      "bornCountry": "Germany",
      "bornCountryCode": "DE",
      "bornCity": "W\u00fcrzburg",
      "diedCountry": "West Germany (now Germany)",
      "diedCountryCode": "DE",
      "diedCity": "Munich",
      "gender": "male",
      "prizes": [
        {
          "year": "1932",
          "category": "physics",
          "share": "1",
          "motivation": "\"for the creation of quantum mechanics, the application of which has, inter alia, led to the discovery of the allotropic forms of hydrogen\"",
          "affiliations": [
            {
              "name": "Leipzig University",
              "city": "Leipzig",
              "country": "Germany"
            }
          ]
        }
      ]
    },
    {
      "id": "39",
      "firstname": "Erwin",
      "surname": "Schr\u00f6dinger",
      "born": "1887-08-12",
      "died": "1961-01-04",
      "bornCountry": "Austria",
      "bornCountryCode": "AT",
      "bornCity": "Vienna",
      "diedCountry": "Austria",
      "diedCountryCode": "AT",
      "diedCity": "Vienna",
      "gender": "male",
      "prizes": [
        {
          "year": "1933",
          "category": "physics",
          "share": "2",
          "motivation": "\"for the discovery of new productive forms of atomic theory\"",
          "affiliations": [
            {
              "name": "Berlin University",
              "city": "Berlin",
              "country": "Germany"
            }
          ]
        }
      ]
    },
    {
      "id": "40",
      "firstname": "Paul A.M.",
      "surname": "Dirac",
      "born": "1902-08-08",
      "died": "1984-10-20",
      "bornCountry": "United Kingdom",
      "bornCountryCode": "GB",
      "bornCity": "Bristol",
      "diedCountry": "USA",
      "diedCountryCode": "US",
      "diedCity": "Tallahassee, FL",
      "gender": "male",
      "prizes": [
        {
          "year": "1933",
          "category": "physics",
          "share": "2",
          "motivation": "\"for the discovery of new productive forms of atomic theory\"",
          "affiliations": [
            {
              "name": "University of Cambridge",
              "city": "Cambridge",
              "country": "United Kingdom"
            }
          ]
        }
      ]
    },
    {
      "id": "41",
      "firstname": "James",
      "surname": "Chadwick",
      "born": "1891-10-20",
      "died": "1974-07-24",
      "bornCountry": "United Kingdom",
      "bornCountryCode": "GB",
      "bornCity": "Manchester",
      "diedCountry": "United Kingdom",
      "diedCountryCode": "GB",
      "diedCity": "Cambridge",
      "gender": "male",
      "prizes": [
        {
          "year": "1935",
          "category": "physics",
          "share": "1",
          "motivation": "\"for the discovery of the neutron\"",
          "affiliations": [
            {
              "name": "Liverpool University",
              "city": "Liverpool",
              "country": "United Kingdom"
            }
          ]
        }
      ]
    },
    {
      "id": "42",
      "firstname": "Victor F.",
      "surname": "Hess",
      "born": "1883-06-24",
      "died": "1964-12-17",
      "bornCountry": "Austria",
      "bornCountryCode": "AT",
      "bornCity": "Peggau",
      "diedCountry": "USA",
      "diedCountryCode": "US",
      "diedCity": "Mount Vernon, NY",
      "gender": "male",
      "prizes": [
        {
          "year": "1936",
          "category": "physics",
          "share": "2",
          "motivation": "\"for his discovery of cosmic radiation\"",
          "affiliations": [
            {
              "name": "Innsbruck University",
              "city": "Innsbruck",
              "country": "Austria"
            }
          ]
        }
      ]
    },
    {
      "id": "43",
      "firstname": "Carl D.",
      "surname": "Anderson",
      "born": "1905-09-03",
      "died": "1991-01-11",
      "bornCountry": "USA",
      "bornCountryCode": "US",
      "bornCity": "New York, NY",
      "diedCountry": "USA",
      "diedCountryCode": "US",
      "diedCity": "San Marino, CA",
      "gender": "male",
      "prizes": [
        {
          "year": "1936",
          "category": "physics",
          "share": "2",
          "motivation": "\"for his discovery of the positron\"",
          "affiliations": [
            {
              "name": "California Institute of Technology (Caltech)",
              "city": "Pasadena, CA",
              "country": "USA"
            }
          ]
        }
      ]
    },
    {
      "id": "44",
      "firstname": "Clinton",
      "surname": "Davisson",
      "born": "1881-10-22",
      "died": "1958-02-01",
      "bornCountry": "USA",
      "bornCountryCode": "US",
      "bornCity": "Bloomington, IL",
      "diedCountry": "USA",
      "diedCountryCode": "US",
      "diedCity": "Charlottesville, VA",
      "gender": "male",
      "prizes": [
        {
          "year": "1937",
          "category": "physics",
          "share": "2",
          "motivation": "\"for their experimental discovery of the diffraction of electrons by crystals\"",
          "affiliations": [
            {
              "name": "Bell Telephone Laboratories",
              "city": "New York, NY",
              "country": "USA"
            }
          ]
        }
      ]
    },
    {
      "id": "45",
      "firstname": "George Paget",
      "surname": "Thomson",
      "born": "1892-05-03",
      "died": "1975-09-10",
      "bornCountry": "United Kingdom",
      "bornCountryCode": "GB",
      "bornCity": "Cambridge",
      "diedCountry": "United Kingdom",
      "diedCountryCode": "GB",
      "diedCity": "Cambridge",
      "gender": "male",
      "prizes": [
        {
          "year": "1937",
          "category": "physics",
          "share": "2",
          "motivation": "\"for their experimental discovery of the diffraction of electrons by crystals\"",
          "affiliations": [
            {
              "name": "London University",
              "city": "London",
              "country": "United Kingdom"
            }
          ]
        }
      ]
    },
    {
      "id": "46",
      "firstname": "Enrico",
      "surname": "Fermi",
      "born": "1901-09-29",
      "died": "1954-11-28",
      "bornCountry": "Italy",
      "bornCountryCode": "IT",
      "bornCity": "Rome",
      "diedCountry": "USA",
      "diedCountryCode": "US",
      "diedCity": "Chicago, IL",
      "gender": "male",
      "prizes": [
        {
          "year": "1938",
          "category": "physics",
          "share": "1",
          "motivation": "\"for his demonstrations of the existence of new radioactive elements produced by neutron irradiation, and for his related discovery of nuclear reactions brought about by slow neutrons\"",
          "affiliations": [
            {
              "name": "Rome University",
              "city": "Rome",
              "country": "Italy"
            }
          ]
        }
      ]
    },
    {
      "id": "47",
      "firstname": "Ernest",
      "surname": "Lawrence",
      "born": "1901-08-08",
      "died": "1958-08-27",
      "bornCountry": "USA",
      "bornCountryCode": "US",
      "bornCity": "Canton, SD",
      "diedCountry": "USA",
      "diedCountryCode": "US",
      "diedCity": "Palo Alto, CA",
      "gender": "male",
      "prizes": [
        {
          "year": "1939",
          "category": "physics",
          "share": "1",
          "motivation": "\"for the invention and development of the cyclotron and for results obtained with it, especially with regard to artificial radioactive elements\"",
          "affiliations": [
            {
              "name": "University of California",
              "city": "Berkeley, CA",
              "country": "USA"
            }
          ]
        }
      ]
    },
    {
      "id": "48",
      "firstname": "Otto",
      "surname": "Stern",
      "born": "1888-02-17",
      "died": "1969-08-17",
      "bornCountry": "Germany (now Poland)",
      "bornCountryCode": "PL",
      "bornCity": "Sorau (now Zory)",
      "diedCountry": "USA",
      "diedCountryCode": "US",
      "diedCity": "Berkeley, CA",
      "gender": "male",
      "prizes": [
        {
          "year": "1943",
          "category": "physics",
          "share": "1",
          "motivation": "\"for his contribution to the development of the molecular ray method and his discovery of the magnetic moment of the proton\"",
          "affiliations": [
            {
              "name": "Carnegie Institute of Technology",
              "city": "Pittsburgh, PA",
              "country": "USA"
            }
          ]
        }
      ]
    },
    {
      "id": "49",
      "firstname": "Isidor Isaac",
      "surname": "Rabi",
      "born": "1898-07-29",
      "died": "1988-01-11",
      "bornCountry": "Austria-Hungary (now Poland)",
      "bornCountryCode": "PL",
      "bornCity": "Rymanow",
      "diedCountry": "USA",
      "diedCountryCode": "US",
      "diedCity": "New York, NY",
      "gender": "male",
      "prizes": [
        {
          "year": "1944",
          "category": "physics",
          "share": "1",
          "motivation": "\"for his resonance method for recording the magnetic properties of atomic nuclei\"",
          "affiliations": [
            {
              "name": "Columbia University",
              "city": "New York, NY",
              "country": "USA"
            }
          ]
        }
      ]
    },
    {
      "id": "50",
      "firstname": "Wolfgang",
      "surname": "Pauli",
      "born": "1900-04-25",
      "died": "1958-12-15",
      "bornCountry": "Austria",
      "bornCountryCode": "AT",
      "bornCity": "Vienna",
      "diedCountry": "Switzerland",
      "diedCountryCode": "CH",
      "diedCity": "Zurich",
      "gender": "male",
      "prizes": [
        {
          "year": "1945",
          "category": "physics",
          "share": "1",
          "motivation": "\"for the discovery of the Exclusion Principle, also called the Pauli Principle\"",
          "affiliations": [
            {
              "name": "Princeton University",
              "city": "Princeton, NJ",
              "country": "USA"
            }
          ]
        }
      ]
    },
    {
      "id": "51",
      "firstname": "Percy W.",
      "surname": "Bridgman",
      "born": "1882-04-21",
      "died": "1961-08-20",
      "bornCountry": "USA",
      "bornCountryCode": "US",
      "bornCity": "Cambridge, MA",
      "diedCountry": "USA",
      "diedCountryCode": "US",
      "diedCity": "Randolph, NH",
      "gender": "male",
      "prizes": [
        {
          "year": "1946",
          "category": "physics",
          "share": "1",
          "motivation": "\"for the invention of an apparatus to produce extremely high pressures, and for the discoveries he made therewith in the field of high pressure physics\"",
          "affiliations": [
            {
              "name": "Harvard University",
              "city": "Cambridge, MA",
              "country": "USA"
            }
          ]
        }
      ]
    },
    {
      "id": "52",
      "firstname": "Edward V.",
      "surname": "Appleton",
      "born": "1892-09-06",
      "died": "1965-04-21",
      "bornCountry": "United Kingdom",
      "bornCountryCode": "GB",
      "bornCity": "Bradford",
      "diedCountry": "Scotland",
      "diedCountryCode": "GB",
      "diedCity": "Edinburgh",
      "gender": "male",
      "prizes": [
        {
          "year": "1947",
          "category": "physics",
          "share": "1",
          "motivation": "\"for his investigations of the physics of the upper atmosphere especially for the discovery of the so-called Appleton layer\"",
          "affiliations": [
            {
              "name": "Department of Scientific and Industrial Research",
              "city": "London",
              "country": "United Kingdom"
            }
          ]
        }
      ]
    },
    {
      "id": "53",
      "firstname": "Patrick M.S.",
      "surname": "Blackett",
      "born": "1897-11-18",
      "died": "1974-07-13",
      "bornCountry": "United Kingdom",
      "bornCountryCode": "GB",
      "bornCity": "London",
      "diedCountry": "United Kingdom",
      "diedCountryCode": "GB",
      "diedCity": "London",
      "gender": "male",
      "prizes": [
        {
          "year": "1948",
          "category": "physics",
          "share": "1",
          "motivation": "\"for his development of the Wilson cloud chamber method, and his discoveries therewith in the fields of nuclear physics and cosmic radiation\"",
          "affiliations": [
            {
              "name": "Victoria University",
              "city": "Manchester",
              "country": "United Kingdom"
            }
          ]
        }
      ]
    },
    {
      "id": "54",
      "firstname": "Hideki",
      "surname": "Yukawa",
      "born": "1907-01-23",
      "died": "1981-09-08",
      "bornCountry": "Japan",
      "bornCountryCode": "JP",
      "bornCity": "Tokyo",
      "diedCountry": "Japan",
      "diedCountryCode": "JP",
      "diedCity": "Kyoto",
      "gender": "male",
      "prizes": [
        {
          "year": "1949",
          "category": "physics",
          "share": "1",
          "motivation": "\"for his prediction of the existence of mesons on the basis of theoretical work on nuclear forces\"",
          "affiliations": [
            {
              "name": "Kyoto Imperial University",
              "city": "Kyoto",
              "country": "Japan"
            },
            {
              "name": "Columbia University",
              "city": "New York, NY",
              "country": "USA"
            }
          ]
        }
      ]
    },
    {
      "id": "55",
      "firstname": "Cecil",
      "surname": "Powell",
      "born": "1903-12-05",
      "died": "1969-08-09",
      "bornCountry": "United Kingdom",
      "bornCountryCode": "GB",
      "bornCity": "Tonbridge",
      "diedCountry": "Italy",
      "diedCountryCode": "IT",
      "gender": "male",
      "prizes": [
        {
          "year": "1950",
          "category": "physics",
          "share": "1",
          "motivation": "\"for his development of the photographic method of studying nuclear processes and his discoveries regarding mesons made with this method\"",
          "affiliations": [
            {
              "name": "Bristol University",
              "city": "Bristol",
              "country": "United Kingdom"
            }
          ]
        }
      ]
    },
    {
      "id": "56",
      "firstname": "John",
      "surname": "Cockcroft",
      "born": "1897-05-27",
      "died": "1967-09-18",
      "bornCountry": "United Kingdom",
      "bornCountryCode": "GB",
      "bornCity": "Todmorden",
      "diedCountry": "United Kingdom",
      "diedCountryCode": "GB",
      "diedCity": "Cambridge",
      "gender": "male",
      "prizes": [
        {
          "year": "1951",
          "category": "physics",
          "share": "2",
          "motivation": "\"for their pioneer work on the transmutation of atomic nuclei by artificially accelerated atomic particles\"",
          "affiliations": [
            {
              "name": "Atomic Energy Research Establishment",
              "city": "Harwell, Berkshire",
              "country": "United Kingdom"
            }
          ]
        }
      ]
    },
    {
      "id": "57",
      "firstname": "Ernest T.S.",
      "surname": "Walton",
      "born": "1903-10-06",
      "died": "1995-06-25",
      "bornCountry": "Ireland",
      "bornCountryCode": "IE",
      "bornCity": "Dungarvan",
      "diedCountry": "Northern Ireland",
      "diedCountryCode": "GB",
      "diedCity": "Belfast",
      "gender": "male",
      "prizes": [
        {
          "year": "1951",
          "category": "physics",
          "share": "2",
          "motivation": "\"for their pioneer work on the transmutation of atomic nuclei by artificially accelerated atomic particles\"",
          "affiliations": [
            {
              "name": "Trinity College",
              "city": "Dublin",
              "country": "Ireland"
            }
          ]
        }
      ]
    },
    {
      "id": "58",
      "firstname": "Felix",
      "surname": "Bloch",
      "born": "1905-10-23",
      "died": "1983-09-10",
      "bornCountry": "Switzerland",
      "bornCountryCode": "CH",
      "bornCity": "Zurich",
      "diedCountry": "Switzerland",
      "diedCountryCode": "CH",
      "diedCity": "Zurich",
      "gender": "male",
      "prizes": [
        {
          "year": "1952",
          "category": "physics",
          "share": "2",
          "motivation": "\"for their development of new methods for nuclear magnetic precision measurements and discoveries in connection therewith\"",
          "affiliations": [
            {
              "name": "Stanford University",
              "city": "Stanford, CA",
              "country": "USA"
            }
          ]
        }
      ]
    },
    {
      "id": "59",
      "firstname": "E. M.",
      "surname": "Purcell",
      "born": "1912-08-30",
      "died": "1997-03-07",
      "bornCountry": "USA",
      "bornCountryCode": "US",
      "bornCity": "Taylorville, IL",
      "diedCountry": "USA",
      "diedCountryCode": "US",
      "diedCity": "Cambridge, MA",
      "gender": "male",
      "prizes": [
        {
          "year": "1952",
          "category": "physics",
          "share": "2",
          "motivation": "\"for their development of new methods for nuclear magnetic precision measurements and discoveries in connection therewith\"",
          "affiliations": [
            {
              "name": "Harvard University",
              "city": "Cambridge, MA",
              "country": "USA"
            }
          ]
        }
      ]
    },
    {
      "id": "60",
      "firstname": "Frits",
      "surname": "Zernike",
      "born": "1888-07-16",
      "died": "1966-03-10",
      "bornCountry": "the Netherlands",
      "bornCountryCode": "NL",
      "bornCity": "Amsterdam",
      "diedCountry": "the Netherlands",
      "diedCountryCode": "NL",
      "diedCity": "Groningen",
      "gender": "male",
      "prizes": [
        {
          "year": "1953",
          "category": "physics",
          "share": "1",
          "motivation": "\"for his demonstration of the phase contrast method, especially for his invention of the phase contrast microscope\"",
          "affiliations": [
            {
              "name": "Groningen University",
              "city": "Groningen",
              "country": "the Netherlands"
            }
          ]
        }
      ]
    },
    {
      "id": "61",
      "firstname": "Max",
      "surname": "Born",
      "born": "1882-12-11",
      "died": "1970-01-05",
      "bornCountry": "Germany (now Poland)",
      "bornCountryCode": "PL",
      "bornCity": "Breslau (now Wroclaw)",
      "diedCountry": "West Germany (now Germany)",
      "diedCountryCode": "DE",
      "diedCity": "G\u00f6ttingen",
      "gender": "male",
      "prizes": [
        {
          "year": "1954",
          "category": "physics",
          "share": "2",
          "motivation": "\"for his fundamental research in quantum mechanics, especially for his statistical interpretation of the wavefunction\"",
          "affiliations": [
            {
              "name": "Edinburgh University",
              "city": "Edinburgh",
              "country": "United Kingdom"
            }
          ]
        }
      ]
    },
    {
      "id": "62",
      "firstname": "Walther",
      "surname": "Bothe",
      "born": "1891-01-08",
      "died": "1957-02-08",
      "bornCountry": "Germany",
      "bornCountryCode": "DE",
      "bornCity": "Oranienburg",
      "diedCountry": "West Germany (now Germany)",
      "diedCountryCode": "DE",
      "diedCity": "Heidelberg",
      "gender": "male",
      "prizes": [
        {
          "year": "1954",
          "category": "physics",
          "share": "2",
          "motivation": "\"for the coincidence method and his discoveries made therewith\"",
          "affiliations": [
            {
              "name": "University of Heidelberg",
              "city": "Heidelberg",
              "country": "Germany"
            },
            {
              "name": "Max-Planck-Institut f\u00fcr medizinische Forschung",
              "city": "Heidelberg",
              "country": "Germany"
            }
          ]
        }
      ]
    },
    {
      "id": "63",
      "firstname": "Willis E.",
      "surname": "Lamb",
      "born": "1913-07-12",
      "died": "2008-05-15",
      "bornCountry": "USA",
      "bornCountryCode": "US",
      "bornCity": "Los Angeles, CA",
      "diedCountry": "USA",
      "diedCountryCode": "US",
      "diedCity": "Tucson, AZ",
      "gender": "male",
      "prizes": [
        {
          "year": "1955",
          "category": "physics",
          "share": "2",
          "motivation": "\"for his discoveries concerning the fine structure of the hydrogen spectrum\"",
          "affiliations": [
            {
              "name": "Stanford University",
              "city": "Stanford, CA",
              "country": "USA"
            }
          ]
        }
      ]
    },
    {
      "id": "64",
      "firstname": "Polykarp",
      "surname": "Kusch",
      "born": "1911-01-26",
      "died": "1993-03-20",
      "bornCountry": "Germany",
      "bornCountryCode": "DE",
      "bornCity": "Blankenburg",
      "diedCountry": "USA",
      "diedCountryCode": "US",
      "diedCity": "Dallas, TX",
      "gender": "male",
      "prizes": [
        {
          "year": "1955",
          "category": "physics",
          "share": "2",
          "motivation": "\"for his precision determination of the magnetic moment of the electron\"",
          "affiliations": [
            {
              "name": "Columbia University",
              "city": "New York, NY",
              "country": "USA"
            }
          ]
        }
      ]
    },
    {
      "id": "65",
      "firstname": "William B.",
      "surname": "Shockley",
      "born": "1910-02-13",
      "died": "1989-08-12",
      "bornCountry": "United Kingdom",
      "bornCountryCode": "GB",
      "bornCity": "London",
      "diedCountry": "USA",
      "diedCountryCode": "US",
      "diedCity": "Palo Alto, CA",
      "gender": "male",
      "prizes": [
        {
          "year": "1956",
          "category": "physics",
          "share": "3",
          "motivation": "\"for their researches on semiconductors and their discovery of the transistor effect\"",
          "affiliations": [
            {
              "name": "Semiconductor Laboratory of Beckman Instruments, Inc.",
              "city": "Mountain View, CA",
              "country": "USA"
            }
          ]
        }
      ]
    },
    {
      "id": "66",
      "firstname": "John",
      "surname": "Bardeen",
      "born": "1908-05-23",
      "died": "1991-01-30",
      "bornCountry": "USA",
      "bornCountryCode": "US",
      "bornCity": "Madison, WI",
      "diedCountry": "USA",
      "diedCountryCode": "US",
      "diedCity": "Boston, MA",
      "gender": "male",
      "prizes": [
        {
          "year": "1956",
          "category": "physics",
          "share": "3",
          "motivation": "\"for their researches on semiconductors and their discovery of the transistor effect\"",
          "affiliations": [
            {
              "name": "University of Illinois",
              "city": "Urbana, IL",
              "country": "USA"
            }
          ]
        },
        {
          "year": "1972",
          "category": "physics",
          "share": "3",
          "motivation": "\"for their jointly developed theory of superconductivity, usually called the BCS-theory\"",
          "affiliations": [
            {
              "name": "University of Illinois",
              "city": "Urbana, IL",
              "country": "USA"
            }
          ]
        }
      ]
    },
    {
      "id": "67",
      "firstname": "Walter H.",
      "surname": "Brattain",
      "born": "1902-02-10",
      "died": "1987-10-13",
      "bornCountry": "China",
      "bornCountryCode": "CN",
      "bornCity": "Amoy",
      "diedCountry": "USA",
      "diedCountryCode": "US",
      "diedCity": "Seattle, WA",
      "gender": "male",
      "prizes": [
        {
          "year": "1956",
          "category": "physics",
          "share": "3",
          "motivation": "\"for their researches on semiconductors and their discovery of the transistor effect\"",
          "affiliations": [
            {
              "name": "Bell Telephone Laboratories",
              "city": "Murray Hill, NJ",
              "country": "USA"
            }
          ]
        }
      ]
    },
    {
      "id": "68",
      "firstname": "Chen Ning",
      "surname": "Yang",
      "born": "1922-09-22",
      "died": "0000-00-00",
      "bornCountry": "China",
      "bornCountryCode": "CN",
      "bornCity": "Hofei, Anhwei",
      "gender": "male",
      "prizes": [
        {
          "year": "1957",
          "category": "physics",
          "share": "2",
          "motivation": "\"for their penetrating investigation of the so-called parity laws which has led to important discoveries regarding the elementary particles\"",
          "affiliations": [
            {
              "name": "Institute for Advanced Study",
              "city": "Princeton, NJ",
              "country": "USA"
            }
          ]
        }
      ]
    },
    {
      "id": "69",
      "firstname": "Tsung-Dao",
      "surname": "Lee",
      "born": "1926-11-24",
      "died": "0000-00-00",
      "bornCountry": "China",
      "bornCountryCode": "CN",
      "bornCity": "Shanghai",
      "gender": "male",
      "prizes": [
        {
          "year": "1957",
          "category": "physics",
          "share": "2",
          "motivation": "\"for their penetrating investigation of the so-called parity laws which has led to important discoveries regarding the elementary particles\"",
          "affiliations": [
            {
              "name": "Columbia University",
              "city": "New York, NY",
              "country": "USA"
            }
          ]
        }
      ]
    },
    {
      "id": "70",
      "firstname": "Pavel A.",
      "surname": "Cherenkov",
      "born": "1904-07-28",
      "died": "1990-01-06",
      "bornCountry": "Russia",
      "bornCountryCode": "RU",
      "bornCity": "Novaya Chigla",
      "diedCountry": "USSR (now Russia)",
      "diedCountryCode": "RU",
      "gender": "male",
      "prizes": [
        {
          "year": "1958",
          "category": "physics",
          "share": "3",
          "motivation": "\"for the discovery and the interpretation of the Cherenkov effect\"",
          "affiliations": [
            {
              "name": "P.N. Lebedev Physical Institute",
              "city": "Moscow",
              "country": "USSR (now Russia)"
            }
          ]
        }
      ]
    },
    {
      "id": "71",
      "firstname": "Igor Y.",
      "surname": "Tamm",
      "born": "1895-07-08",
      "died": "1971-04-12",
      "bornCountry": "Russia",
      "bornCountryCode": "RU",
      "bornCity": "Vladivostok",
      "diedCountry": "USSR (now Russia)",
      "diedCountryCode": "RU",
      "diedCity": "Moscow",
      "gender": "male",
      "prizes": [
        {
          "year": "1958",
          "category": "physics",
          "share": "3",
          "motivation": "\"for the discovery and the interpretation of the Cherenkov effect\"",
          "affiliations": [
            {
              "name": "Lomonosov Moscow State University",
              "city": "Moscow",
              "country": "USSR (now Russia)"
            },
            {
              "name": "P.N. Lebedev Physical Institute",
              "city": "Moscow",
              "country": "USSR (now Russia)"
            }
          ]
        }
      ]
    },
    {
      "id": "72",
      "firstname": "Emilio",
      "surname": "Segr\u00e8",
      "born": "1905-02-01",
      "died": "1989-04-22",
      "bornCountry": "Italy",
      "bornCountryCode": "IT",
      "bornCity": "Tivoli",
      "diedCountry": "USA",
      "diedCountryCode": "US",
      "diedCity": "Lafayette, CA",
      "gender": "male",
      "prizes": [
        {
          "year": "1959",
          "category": "physics",
          "share": "2",
          "motivation": "\"for their discovery of the antiproton\"",
          "affiliations": [
            {
              "name": "University of California",
              "city": "Berkeley, CA",
              "country": "USA"
            }
          ]
        }
      ]
    },
    {
      "id": "73",
      "firstname": "Owen",
      "surname": "Chamberlain",
      "born": "1920-07-10",
      "died": "2006-02-28",
      "bornCountry": "USA",
      "bornCountryCode": "US",
      "bornCity": "San Francisco, CA",
      "diedCountry": "USA",
      "diedCountryCode": "US",
      "diedCity": "Berkeley, CA",
      "gender": "male",
      "prizes": [
        {
          "year": "1959",
          "category": "physics",
          "share": "2",
          "motivation": "\"for their discovery of the antiproton\"",
          "affiliations": [
            {
              "name": "University of California",
              "city": "Berkeley, CA",
              "country": "USA"
            }
          ]
        }
      ]
    },
    {
      "id": "74",
      "firstname": "Donald A.",
      "surname": "Glaser",
      "born": "1926-09-21",
      "died": "2013-02-28",
      "bornCountry": "USA",
      "bornCountryCode": "US",
      "bornCity": "Cleveland, OH",
      "diedCountry": "USA",
      "diedCountryCode": "US",
      "diedCity": "Berkeley, CA",
      "gender": "male",
      "prizes": [
        {
          "year": "1960",
          "category": "physics",
          "share": "1",
          "motivation": "\"for the invention of the bubble chamber\"",
          "affiliations": [
            {
              "name": "University of California",
              "city": "Berkeley, CA",
              "country": "USA"
            }
          ]
        }
      ]
    },
    {
      "id": "75",
      "firstname": "Robert",
      "surname": "Hofstadter",
      "born": "1915-02-05",
      "died": "1990-11-17",
      "bornCountry": "USA",
      "bornCountryCode": "US",
      "bornCity": "New York, NY",
      "diedCountry": "USA",
      "diedCountryCode": "US",
      "diedCity": "Stanford, CA",
      "gender": "male",
      "prizes": [
        {
          "year": "1961",
          "category": "physics",
          "share": "2",
          "motivation": "\"for his pioneering studies of electron scattering in atomic nuclei and for his thereby achieved discoveries concerning the structure of the nucleons\"",
          "affiliations": [
            {
              "name": "Stanford University",
              "city": "Stanford, CA",
              "country": "USA"
            }
          ]
        }
      ]
    },
    {
      "id": "76",
      "firstname": "Rudolf",
      "surname": "M\u00f6ssbauer",
      "born": "1929-01-31",
      "died": "2011-09-14",
      "bornCountry": "Germany",
      "bornCountryCode": "DE",
      "bornCity": "Munich",
      "gender": "male",
      "prizes": [
        {
          "year": "1961",
          "category": "physics",
          "share": "2",
          "motivation": "\"for his researches concerning the resonance absorption of gamma radiation and his discovery in this connection of the effect which bears his name\"",
          "affiliations": [
            {
              "name": "Technical University",
              "city": "Munich",
              "country": "Germany"
            },
            {
              "name": "California Institute of Technology (Caltech)",
              "city": "Pasadena, CA",
              "country": "USA"
            }
          ]
        }
      ]
    },
    {
      "id": "77",
      "firstname": "Lev",
      "surname": "Landau",
      "born": "1908-01-22",
      "died": "1968-04-01",
      "bornCountry": "Russian Empire (now Azerbaijan)",
      "bornCountryCode": "AZ",
      "bornCity": "Baku",
      "diedCountry": "USSR (now Russia)",
      "diedCountryCode": "RU",
      "diedCity": "Moscow",
      "gender": "male",
      "prizes": [
        {
          "year": "1962",
          "category": "physics",
          "share": "1",
          "motivation": "\"for his pioneering theories for condensed matter, especially liquid helium\"",
          "affiliations": [
            {
              "name": "Academy of Sciences",
              "city": "Moscow",
              "country": "USSR (now Russia)"
            }
          ]
        }
      ]
    },
    {
      "id": "78",
      "firstname": "Eugene",
      "surname": "Wigner",
      "born": "1902-11-17",
      "died": "1995-01-01",
      "bornCountry": "Austria-Hungary (now Hungary)",
      "bornCountryCode": "HU",
      "bornCity": "Budapest",
      "diedCountry": "USA",
      "diedCountryCode": "US",
      "diedCity": "Princeton, NJ",
      "gender": "male",
      "prizes": [
        {
          "year": "1963",
          "category": "physics",
          "share": "2",
          "motivation": "\"for his contributions to the theory of the atomic nucleus and the elementary particles, particularly through the discovery and application of fundamental symmetry principles\"",
          "affiliations": [
            {
              "name": "Princeton University",
              "city": "Princeton, NJ",
              "country": "USA"
            }
          ]
        }
      ]
    },
    {
      "id": "79",
      "firstname": "Maria",
      "surname": "Goeppert Mayer",
      "born": "1906-06-28",
      "died": "1972-02-20",
      "bornCountry": "Germany (now Poland)",
      "bornCountryCode": "PL",
      "bornCity": "Kattowitz (now Katowice)",
      "diedCountry": "USA",
      "diedCountryCode": "US",
      "diedCity": "San Diego, CA",
      "gender": "female",
      "prizes": [
        {
          "year": "1963",
          "category": "physics",
          "share": "4",
          "motivation": "\"for their discoveries concerning nuclear shell structure\"",
          "affiliations": [
            {
              "name": "University of California",
              "city": "San Diego, CA",
              "country": "USA"
            }
          ]
        }
      ]
    },
    {
      "id": "80",
      "firstname": "J. Hans D.",
      "surname": "Jensen",
      "born": "1907-06-25",
      "died": "1973-02-11",
      "bornCountry": "Germany",
      "bornCountryCode": "DE",
      "bornCity": "Hamburg",
      "diedCountry": "West Germany (now Germany)",
      "diedCountryCode": "DE",
      "diedCity": "Heidelberg",
      "gender": "male",
      "prizes": [
        {
          "year": "1963",
          "category": "physics",
          "share": "4",
          "motivation": "\"for their discoveries concerning nuclear shell structure\"",
          "affiliations": [
            {
              "name": "University of Heidelberg",
              "city": "Heidelberg",
              "country": "Germany"
            }
          ]
        }
      ]
    },
    {
      "id": "81",
      "firstname": "Charles H.",
      "surname": "Townes",
      "born": "1915-07-28",
      "died": "2015-01-27",
      "bornCountry": "USA",
      "bornCountryCode": "US",
      "bornCity": "Greenville, SC",
      "diedCountry": "USA",
      "diedCountryCode": "US",
      "diedCity": "Berkeley, CA",
      "gender": "male",
      "prizes": [
        {
          "year": "1964",
          "category": "physics",
          "share": "2",
          "motivation": "\"for fundamental work in the field of quantum electronics, which has led to the construction of oscillators and amplifiers based on the maser-laser principle\"",
          "affiliations": [
            {
              "name": "Massachusetts Institute of Technology (MIT)",
              "city": "Cambridge, MA",
              "country": "USA"
            }
          ]
        }
      ]
    },
    {
      "id": "82",
      "firstname": "Nicolay G.",
      "surname": "Basov",
      "born": "1922-12-14",
      "died": "2001-07-01",
      "bornCountry": "USSR (now Russia)",
      "bornCountryCode": "RU",
      "bornCity": "Usman",
      "diedCountry": "Russia",
      "diedCountryCode": "RU",
      "diedCity": "Moscow",
      "gender": "male",
      "prizes": [
        {
          "year": "1964",
          "category": "physics",
          "share": "4",
          "motivation": "\"for fundamental work in the field of quantum electronics, which has led to the construction of oscillators and amplifiers based on the maser-laser principle\"",
          "affiliations": [
            {
              "name": "P.N. Lebedev Physical Institute",
              "city": "Moscow",
              "country": "USSR (now Russia)"
            }
          ]
        }
      ]
    },
    {
      "id": "83",
      "firstname": "Aleksandr M.",
      "surname": "Prokhorov",
      "born": "1916-07-11",
      "died": "2002-01-08",
      "bornCountry": "Australia",
      "bornCountryCode": "AU",
      "bornCity": "Atherton",
      "diedCountry": "Russia",
      "diedCountryCode": "RU",
      "diedCity": "Moscow",
      "gender": "male",
      "prizes": [
        {
          "year": "1964",
          "category": "physics",
          "share": "4",
          "motivation": "\"for fundamental work in the field of quantum electronics, which has led to the construction of oscillators and amplifiers based on the maser-laser principle\"",
          "affiliations": [
            {
              "name": "P.N. Lebedev Physical Institute",
              "city": "Moscow",
              "country": "USSR (now Russia)"
            }
          ]
        }
      ]
    },
    {
      "id": "84",
      "firstname": "Sin-Itiro",
      "surname": "Tomonaga",
      "born": "1906-03-31",
      "died": "1979-07-08",
      "bornCountry": "Japan",
      "bornCountryCode": "JP",
      "bornCity": "Kyoto",
      "diedCountry": "Japan",
      "diedCountryCode": "JP",
      "diedCity": "Tokyo",
      "gender": "male",
      "prizes": [
        {
          "year": "1965",
          "category": "physics",
          "share": "3",
          "motivation": "\"for their fundamental work in quantum electrodynamics, with deep-ploughing consequences for the physics of elementary particles\"",
          "affiliations": [
            {
              "name": "Tokyo University of Education",
              "city": "Tokyo",
              "country": "Japan"
            }
          ]
        }
      ]
    },
    {
      "id": "85",
      "firstname": "Julian",
      "surname": "Schwinger",
      "born": "1918-02-12",
      "died": "1994-07-16",
      "bornCountry": "USA",
      "bornCountryCode": "US",
      "bornCity": "New York, NY",
      "diedCountry": "USA",
      "diedCountryCode": "US",
      "diedCity": "Los Angeles, CA",
      "gender": "male",
      "prizes": [
        {
          "year": "1965",
          "category": "physics",
          "share": "3",
          "motivation": "\"for their fundamental work in quantum electrodynamics, with deep-ploughing consequences for the physics of elementary particles\"",
          "affiliations": [
            {
              "name": "Harvard University",
              "city": "Cambridge, MA",
              "country": "USA"
            }
          ]
        }
      ]
    },
    {
      "id": "86",
      "firstname": "Richard P.",
      "surname": "Feynman",
      "born": "1918-05-11",
      "died": "1988-02-15",
      "bornCountry": "USA",
      "bornCountryCode": "US",
      "bornCity": "New York, NY",
      "diedCountry": "USA",
      "diedCountryCode": "US",
      "diedCity": "Los Angeles, CA",
      "gender": "male",
      "prizes": [
        {
          "year": "1965",
          "category": "physics",
          "share": "3",
          "motivation": "\"for their fundamental work in quantum electrodynamics, with deep-ploughing consequences for the physics of elementary particles\"",
          "affiliations": [
            {
              "name": "California Institute of Technology (Caltech)",
              "city": "Pasadena, CA",
              "country": "USA"
            }
          ]
        }
      ]
    },
    {
      "id": "87",
      "firstname": "Alfred",
      "surname": "Kastler",
      "born": "1902-05-03",
      "died": "1984-01-07",
      "bornCountry": "Germany (now France)",
      "bornCountryCode": "FR",
      "bornCity": "Guebwiller",
      "diedCountry": "France",
      "diedCountryCode": "FR",
      "diedCity": "Bandol",
      "gender": "male",
      "prizes": [
        {
          "year": "1966",
          "category": "physics",
          "share": "1",
          "motivation": "\"for the discovery and development of optical methods for studying Hertzian resonances in atoms\"",
          "affiliations": [
            {
              "name": "\u00c9cole Normale Sup\u00e9rieure",
              "city": "Paris",
              "country": "France"
            }
          ]
        }
      ]
    },
    {
      "id": "88",
      "firstname": "Hans",
      "surname": "Bethe",
      "born": "1906-07-02",
      "died": "2005-03-06",
      "bornCountry": "Germany (now France)",
      "bornCountryCode": "FR",
      "bornCity": "Strasbourg",
      "diedCountry": "USA",
      "diedCountryCode": "US",
      "diedCity": "Ithaca, NY",
      "gender": "male",
      "prizes": [
        {
          "year": "1967",
          "category": "physics",
          "share": "1",
          "motivation": "\"for his contributions to the theory of nuclear reactions, especially his discoveries concerning the energy production in stars\"",
          "affiliations": [
            {
              "name": "Cornell University",
              "city": "Ithaca, NY",
              "country": "USA"
            }
          ]
        }
      ]
    },
    {
      "id": "89",
      "firstname": "Luis",
      "surname": "Alvarez",
      "born": "1911-06-13",
      "died": "1988-09-01",
      "bornCountry": "USA",
      "bornCountryCode": "US",
      "bornCity": "San Francisco, CA",
      "diedCountry": "USA",
      "diedCountryCode": "US",
      "diedCity": "Berkeley, CA",
      "gender": "male",
      "prizes": [
        {
          "year": "1968",
          "category": "physics",
          "share": "1",
          "motivation": "\"for his decisive contributions to elementary particle physics, in particular the discovery of a large number of resonance states, made possible through his development of the technique of using hydrogen bubble chamber and data analysis\"",
          "affiliations": [
            {
              "name": "University of California",
              "city": "Berkeley, CA",
              "country": "USA"
            }
          ]
        }
      ]
    },
    {
      "id": "90",
      "firstname": "Murray",
      "surname": "Gell-Mann",
      "born": "1929-09-15",
      "died": "2019-05-24",
      "bornCountry": "USA",
      "bornCountryCode": "US",
      "bornCity": "New York, NY",
      "diedCountry": "USA",
      "diedCountryCode": "US",
      "diedCity": "Santa Fe, NM",
      "gender": "male",
      "prizes": [
        {
          "year": "1969",
          "category": "physics",
          "share": "1",
          "motivation": "\"for his contributions and discoveries concerning the classification of elementary particles and their interactions\"",
          "affiliations": [
            {
              "name": "California Institute of Technology (Caltech)",
              "city": "Pasadena, CA",
              "country": "USA"
            }
          ]
        }
      ]
    },
    {
      "id": "91",
      "firstname": "Hannes",
      "surname": "Alfv\u00e9n",
      "born": "1908-05-30",
      "died": "1995-04-02",
      "bornCountry": "Sweden",
      "bornCountryCode": "SE",
      "bornCity": "Norrk\u00f6ping",
      "diedCountry": "Sweden",
      "diedCountryCode": "SE",
      "diedCity": "Djursholm",
      "gender": "male",
      "prizes": [
        {
          "year": "1970",
          "category": "physics",
          "share": "2",
          "motivation": "\"for fundamental work and discoveries in magnetohydro-dynamics with fruitful applications in different parts of plasma physics\"",
          "affiliations": [
            {
              "name": "Royal Institute of Technology",
              "city": "Stockholm",
              "country": "Sweden"
            }
          ]
        }
      ]
    },
    {
      "id": "92",
      "firstname": "Louis",
      "surname": "N\u00e9el",
      "born": "1904-11-22",
      "died": "2000-11-17",
      "bornCountry": "France",
      "bornCountryCode": "FR",
      "bornCity": "Lyon",
      "diedCountry": "France",
      "diedCountryCode": "FR",
      "diedCity": "Brive-Corr\u00e8ze",
      "gender": "male",
      "prizes": [
        {
          "year": "1970",
          "category": "physics",
          "share": "2",
          "motivation": "\"for fundamental work and discoveries concerning antiferromagnetism and ferrimagnetism which have led to important applications in solid state physics\"",
          "affiliations": [
            {
              "name": "University of Grenoble",
              "city": "Grenoble",
              "country": "France"
            }
          ]
        }
      ]
    },
    {
      "id": "93",
      "firstname": "Dennis",
      "surname": "Gabor",
      "born": "1900-06-05",
      "died": "1979-02-08",
      "bornCountry": "Hungary",
      "bornCountryCode": "HU",
      "bornCity": "Budapest",
      "diedCountry": "United Kingdom",
      "diedCountryCode": "GB",
      "diedCity": "London",
      "gender": "male",
      "prizes": [
        {
          "year": "1971",
          "category": "physics",
          "share": "1",
          "motivation": "\"for his invention and development of the holographic method\"",
          "affiliations": [
            {
              "name": "Imperial College",
              "city": "London",
              "country": "United Kingdom"
            }
          ]
        }
      ]
    },
    {
      "id": "95",
      "firstname": "Leon N.",
      "surname": "Cooper",
      "born": "1930-02-28",
      "died": "0000-00-00",
      "bornCountry": "USA",
      "bornCountryCode": "US",
      "bornCity": "New York, NY",
      "gender": "male",
      "prizes": [
        {
          "year": "1972",
          "category": "physics",
          "share": "3",
          "motivation": "\"for their jointly developed theory of superconductivity, usually called the BCS-theory\"",
          "affiliations": [
            {
              "name": "Brown University",
              "city": "Providence, RI",
              "country": "USA"
            }
          ]
        }
      ]
    },
    {
      "id": "96",
      "firstname": "Robert",
      "surname": "Schrieffer",
      "born": "1931-05-31",
      "died": "2019-07-27",
      "bornCountry": "USA",
      "bornCountryCode": "US",
      "bornCity": "Oak Park, IL",
      "diedCountry": "USA",
      "diedCountryCode": "US",
      "diedCity": "Tallahassee, FL",
      "gender": "male",
      "prizes": [
        {
          "year": "1972",
          "category": "physics",
          "share": "3",
          "motivation": "\"for their jointly developed theory of superconductivity, usually called the BCS-theory\"",
          "affiliations": [
            {
              "name": "University of Pennsylvania",
              "city": "Philadelphia, PA",
              "country": "USA"
            }
          ]
        }
      ]
    },
    {
      "id": "97",
      "firstname": "Leo",
      "surname": "Esaki",
      "born": "1925-03-12",
      "died": "0000-00-00",
      "bornCountry": "Japan",
      "bornCountryCode": "JP",
      "bornCity": "Osaka",
      "gender": "male",
      "prizes": [
        {
          "year": "1973",
          "category": "physics",
          "share": "4",
          "motivation": "\"for their experimental discoveries regarding tunneling phenomena in semiconductors and superconductors, respectively\"",
          "affiliations": [
            {
              "name": "IBM Thomas J. Watson Research Center",
              "city": "Yorktown Heights, NY",
              "country": "USA"
            }
          ]
        }
      ]
    },
    {
      "id": "98",
      "firstname": "Ivar",
      "surname": "Giaever",
      "born": "1929-04-05",
      "died": "0000-00-00",
      "bornCountry": "Norway",
      "bornCountryCode": "NO",
      "bornCity": "Bergen",
      "gender": "male",
      "prizes": [
        {
          "year": "1973",
          "category": "physics",
          "share": "4",
          "motivation": "\"for their experimental discoveries regarding tunneling phenomena in semiconductors and superconductors, respectively\"",
          "affiliations": [
            {
              "name": "General Electric Company",
              "city": "Schenectady, NY",
              "country": "USA"
            }
          ]
        }
      ]
    },
    {
      "id": "99",
      "firstname": "Brian D.",
      "surname": "Josephson",
      "born": "1940-01-04",
      "died": "0000-00-00",
      "bornCountry": "United Kingdom",
      "bornCountryCode": "GB",
      "bornCity": "Cardiff",
      "gender": "male",
      "prizes": [
        {
          "year": "1973",
          "category": "physics",
          "share": "2",
          "motivation": "\"for his theoretical predictions of the properties of a supercurrent through a tunnel barrier, in particular those phenomena which are generally known as the Josephson effects\"",
          "affiliations": [
            {
              "name": "University of Cambridge",
              "city": "Cambridge",
              "country": "United Kingdom"
            }
          ]
        }
      ]
    },
    {
      "id": "100",
      "firstname": "Martin",
      "surname": "Ryle",
      "born": "1918-09-27",
      "died": "1984-10-14",
      "bornCountry": "United Kingdom",
      "bornCountryCode": "GB",
      "bornCity": "Brighton",
      "diedCountry": "United Kingdom",
      "diedCountryCode": "GB",
      "diedCity": "Cambridge",
      "gender": "male",
      "prizes": [
        {
          "year": "1974",
          "category": "physics",
          "share": "2",
          "motivation": "\"for their pioneering research in radio astrophysics: Ryle for his observations and inventions, in particular of the aperture synthesis technique, and Hewish for his decisive role in the discovery of pulsars\"",
          "affiliations": [
            {
              "name": "University of Cambridge",
              "city": "Cambridge",
              "country": "United Kingdom"
            }
          ]
        }
      ]
    }
  ]
}
